repeated_times,Accuracy,Precision,Recall,F1,AUC,CV_list(AUC)
30,0.8637931034482761,0.6403421105446302,0.5926165131715116,0.5940418730214226,0.7413359578211859,"[0.7532051282051282, 0.7886792452830189, 0.7207547169811321, 0.46759259259259256, 0.7955182072829132, 0.7948717948717948, 0.7625, 0.8943396226415095, 0.7338935574229691, 0.8108974358974359, 0.7339743589743589, 0.7815126050420168, 0.6582633053221288, 0.69, 0.909433962264151, 0.6185897435897436, 0.6282051282051282, 0.7875000000000001, 0.766025641025641, 0.6792452830188679, 0.7891156462585034, 0.8067226890756303, 0.8416666666666668, 0.46759259259259256, 0.8237179487179487, 0.7596153846153846, 0.739622641509434, 0.7757575757575756, 0.8235294117647058, 0.6377358490566037]"
