repeated_times,Accuracy,Precision,Recall,F1,AUC,CV_list(AUC)
10,0.8740384615384615,0.722468458659414,0.7179997708711109,0.7144266753328421,0.886587108288615,"[0.9188503803888419, 0.7975852272727273, 0.8951817413355876, 0.8428571428571429, 0.9393115942028984, 0.8734082397003745, 0.9340425531914893, 0.888095238095238, 0.8771306818181818, 0.8994082840236687]"
