repeated_times,Accuracy,Precision,Recall,F1,AUC,CV_list(AUC)
10,0.833112582781457,0.6691029452888133,0.7268090721860687,0.6823306659465158,0.843876420210236,"[0.8709273182957393, 0.820267131242741, 0.783587786259542, 0.8194139194139194, 0.8139763779527559, 0.8612040133779264, 0.8652326602282704, 0.8728070175438596, 0.8137009189640768, 0.9176470588235295]"
