repeated_times,Accuracy,Precision,Recall,F1,AUC,CV_list(AUC)
10,0.8476510067114094,0.7506631753130809,0.8255155088517288,0.7750552698395017,0.918031920179969,"[0.9277964833520389, 0.9007285974499089, 0.9026666666666667, 0.9425, 0.9170968948746726, 0.9079838709677419, 0.8872863247863249, 0.9226666666666666, 0.944456577127466, 0.9271371199082042]"
